{
  "id": "",
  "name": "",
  "font_family": "iconfont",
  "css_prefix_text": "icon-",
  "description": "",
  "glyphs": [
    {
      "icon_id": "700122",
      "name": "主页",
      "font_class": "home",
      "unicode": "e60f",
      "unicode_decimal": 58895
    },
    {
      "icon_id": "1057640",
      "name": "值得买2",
      "font_class": "zhidemai2",
      "unicode": "e71d",
      "unicode_decimal": 59165
    },
    {
      "icon_id": "1348359",
      "name": "星星",
      "font_class": "xingxing",
      "unicode": "e602",
      "unicode_decimal": 58882
    },
    {
      "icon_id": "2037898",
      "name": "待收货",
      "font_class": "daishouhuo",
      "unicode": "e581",
      "unicode_decimal": 58753
    },
    {
      "icon_id": "2258035",
      "name": "主页",
      "font_class": "home1",
      "unicode": "e501",
      "unicode_decimal": 58625
    },
    {
      "icon_id": "3078897",
      "name": "对话框",
      "font_class": "duihuakuang",
      "unicode": "e616",
      "unicode_decimal": 58902
    },
    {
      "icon_id": "4521516",
      "name": "待付款",
      "font_class": "daifukuan",
      "unicode": "e652",
      "unicode_decimal": 58962
    },
    {
      "icon_id": "5412236",
      "name": "向下",
      "font_class": "down",
      "unicode": "e633",
      "unicode_decimal": 58931
    },
    {
      "icon_id": "6706253",
      "name": "值得买",
      "font_class": "zhidemai",
      "unicode": "e713",
      "unicode_decimal": 59155
    },
    {
      "icon_id": "8777510",
      "name": "arrow_left",
      "font_class": "icon-test",
      "unicode": "e658",
      "unicode_decimal": 58968
    },
    {
      "icon_id": "8777512",
      "name": "arrow_right",
      "font_class": "icon-test1",
      "unicode": "e659",
      "unicode_decimal": 58969
    },
    {
      "icon_id": "8949017",
      "name": "列表",
      "font_class": "liebiao",
      "unicode": "e65a",
      "unicode_decimal": 58970
    },
    {
      "icon_id": "8989922",
      "name": "个人中心",
      "font_class": "ren",
      "unicode": "e511",
      "unicode_decimal": 58641
    },
    {
      "icon_id": "9511833",
      "name": "置顶箭头",
      "font_class": "zhidingjiantou",
      "unicode": "e6b6",
      "unicode_decimal": 59062
    },
    {
      "icon_id": "9701721",
      "name": "退换货",
      "font_class": "tuihuanhuo",
      "unicode": "e612",
      "unicode_decimal": 58898
    },
    {
      "icon_id": "10296829",
      "name": "购物 车",
      "font_class": "gouwuche",
      "unicode": "e619",
      "unicode_decimal": 58905
    },
    {
      "icon_id": "10678402",
      "name": "check more",
      "font_class": "checkmore",
      "unicode": "e6db",
      "unicode_decimal": 59099
    },
    {
      "icon_id": "11524225",
      "name": "qp_icon_close",
      "font_class": "qp_icon_close",
      "unicode": "e728",
      "unicode_decimal": 59176
    },
    {
      "icon_id": "11661897",
      "name": "我的检索",
      "font_class": "wodejiansuo",
      "unicode": "e648",
      "unicode_decimal": 58952
    },
    {
      "icon_id": "11714524",
      "name": "完成",
      "font_class": "wancheng",
      "unicode": "e60b",
      "unicode_decimal": 58891
    },
    {
      "icon_id": "11714565",
      "name": "右",
      "font_class": "you",
      "unicode": "e613",
      "unicode_decimal": 58899
    }
  ]
}
